Product ID;Image;Nom;Référence;Catégorie;Montant HT;Montant TTC;Quantité;État;Position
453;https://materiel-montessori.fr/img/p/4/7/4/474.jpg;Puzzle Carte de La France.;MMG023;Géographie;21,56;26,99;10;0;
452;https://materiel-montessori.fr/img/p/4/6/9/469.jpg;Puzzle Carte de l'Asie.;MMG015;Géographie;21,56;26,99;10;0;
451;https://materiel-montessori.fr/img/p/4/6/6/466.jpg;Puzzle Carte de l'Australie.;MMG014;Géographie;21,56;26,99;10;0;
450;https://materiel-montessori.fr/img/p/4/6/2/462.jpg;Carte Puzzle du Canada.;MMG013;Géographie;21,56;26,99;10;0;
449;https://materiel-montessori.fr/img/p/4/5/9/459.jpg;Puzzle Carte de l'Europe.;MMG012;Géographie;21,56;26,99;10;0;
448;https://materiel-montessori.fr/img/p/4/5/5/455.jpg;Puzzle Carte du Monde.;MMG010;Géographie;21,56;26,99;10;0;
447;https://materiel-montessori.fr/img/p/4/5/2/452.jpg;Puzzle Carte de l' Afrique.;MMG009;Géographie;21,56;26,99;10;0;
446;https://materiel-montessori.fr/img/p/4/4/9/449.jpg;Puzzle Carte Amérique du Sud.;MMG008;Géographie;21,56;26,99;10;0;
444;https://materiel-montessori.fr/img/p/4/4/4/444.jpg;Puzzle Carte d'Amérique du Nord;MMG007;Géographie;21,56;26,99;10;0;
443;https://materiel-montessori.fr/img/p/4/4/2/442.jpg;Plateau de Forme Géométrique.;MM/M042;Enfant en bas âge;10,78;12,99;10;0;
442;https://materiel-montessori.fr/img/p/4/4/1/441.jpg;Échelle à Cylindre.;MM/M041;Enfant en bas âge;16,8;19,99;10;0;
441;https://materiel-montessori.fr/img/p/4/4/0/440.jpg;Tangram.;MM/M044;Enfant en bas âge;9,8;11,99;10;0;
440;https://materiel-montessori.fr/img/p/4/3/9/439.jpg;4 Formes à Solides Géométriques à Taille Variable.;MM/M043;Enfant en bas âge;13,72;16,46;10;0;
439;https://materiel-montessori.fr/img/p/.jpg;3 Formes à Solides Géométriques à Taille Variable.;MMO038;Enfant en bas âge;12,72;15,26;10;0;
438;https://materiel-montessori.fr/img/p/4/3/8/438.jpg;Cercles des Fractions Colorées de 1 à 4.;MMC351;Enfant en bas âge;11,76;15,99;10;0;
436;https://materiel-montessori.fr/img/p/4/3/7/437.jpg;Boulier Ouvert de 5 Couleurs.;MMO039;Enfant en bas âge;11,76;15,99;10;0;
435;https://materiel-montessori.fr/img/p/4/3/6/436.jpg;Support Tige avec Variation Horizontale.;MMO008;Enfant en bas âge;5,91;8,99;10;0;
434;https://materiel-montessori.fr/img/p/4/3/5/435.jpg;Boîte à Tiroirs.;MMO027;Enfant en bas âge;20,69;24,8304;10;0;
433;https://materiel-montessori.fr/img/p/4/3/4/434.jpg;Puzzles de 3 Formes Géométriques.;MMO013;Enfant en bas âge;8,82;9,99;10;0;
432;https://materiel-montessori.fr/img/p/4/3/3/433.jpg;Puzzles de 5 Formes Géométriques.;MMO014;Enfant en bas âge;13,48;15,99;10;0;
431;https://materiel-montessori.fr/img/p/4/3/2/432.jpg;Puzzle de 3 Cercles.;MMO005;Enfant en bas âge;6,86;8,99;10;0;
430;https://materiel-montessori.fr/img/p/4/3/1/431.jpg;Le Petit Cercle.;MMO019;Enfant en bas âge;3,6;4,99;10;0;
429;https://materiel-montessori.fr/img/p/4/3/0/430.jpg;Puzzles de 4 Formes Géométriques.;MM/I030;Enfant en bas âge;9,77;14,99;10;0;
428;https://materiel-montessori.fr/img/p/4/2/9/429.jpg;Les Cylindres d’Encastrement Colorés.;MMO023;Enfant en bas âge;19,88;22,99;10;0;
427;https://materiel-montessori.fr/img/p/4/2/8/428.jpg;Les Disques sur Tige Verticale.;MMO006;Enfant en bas âge;5,43;8,99;10;0;
426;https://materiel-montessori.fr/img/p/4/2/7/427.jpg;Les Disques Colorés sur Tiges.;MMO017;Enfant en bas âge;7,84;9,99;10;0;
424;https://materiel-montessori.fr/img/p/4/2/6/426.jpg;Les Disques sur Tige Horizontale.;MMO007;Enfant en bas âge;5,88;8,99;10;0;
423;https://materiel-montessori.fr/img/p/4/2/5/425.jpg;Cubes sur Tige Verticale.;MMO024;Enfant en bas âge;5,88;8,99;10;0;
422;https://materiel-montessori.fr/img/p/4/2/4/424.jpg;Boîte à Forme du Cylindre.;MMO025;Enfant en bas âge;10,78;12,99;10;0;
421;https://materiel-montessori.fr/img/p/4/2/3/423.jpg;Boîte à Jetons pour Bébé.;MMO009;Enfant en bas âge;10,78;12,99;10;0;
420;https://materiel-montessori.fr/img/p/4/2/2/422.jpg;Boîte à Forme du Prisme Rectangulaire.;MMO026;Enfant en bas âge;10,78;12,99;10;0;
419;https://materiel-montessori.fr/img/p/4/2/1/421.jpg;Boîte à Forme du Prisme Triangulaire.;MMO004;Enfant en bas âge;10,78;12,99;10;0;
418;https://materiel-montessori.fr/img/p/4/2/0/420.jpg;Boîte à Forme à Tiroir avec une Boule.;MMO002;Enfant en bas âge;10,78;12,99;10;0;
417;https://materiel-montessori.fr/img/p/4/1/9/419.jpg;Boîte de Permanence d'Objet avec Tiroir et Boule.;MMO001;Enfant en bas âge;14,7;17,64;10;0;
414;https://materiel-montessori.fr/img/p/4/1/8/418.jpg;Ensemble de Cartes pour Cabinet de Zoologie.;MMS037;Biologie;19,73;24,99;10;0;
413;https://materiel-montessori.fr/img/p/4/1/7/417.jpg;Feuilles de Contrôle pour Puzzle Cheval.;MMB010-4;Biologie;11,76;#VALEUR!;10;0;
412;https://materiel-montessori.fr/img/p/4/1/6/416.jpg;Feuilles de Contrôle pour Puzzle Poisson.;MMB010-6;Biologie;11,76;#VALEUR!;10;0;
411;https://materiel-montessori.fr/img/p/4/1/5/415.jpg;Feuilles de Contrôle pour Puzzle Grenouille.;MMB010-5;Biologie;11,76;#VALEUR!;10;0;
410;https://materiel-montessori.fr/img/p/4/1/3/413.jpg;Feuilles de Contrôle pour Puzzle Tortue.;MMB010-7;Biologie;11,76;#VALEUR!;10;0;
409;https://materiel-montessori.fr/img/p/4/1/2/412.jpg;Feuilles de Contrôle pour Puzzle Oiseau.;MMB010-8;Biologie;11,76;#VALEUR!;10;0;
408;https://materiel-montessori.fr/img/p/4/1/1/411.jpg;Puzzle Squelette de La Grenouille.;MMB017;Biologie;6,03;8,99;10;0;
404;https://materiel-montessori.fr/img/p/4/0/9/409.jpg;Puzzle Squelette du Cheval.;MMB014;Biologie;6,03;8,99;10;0;
403;https://materiel-montessori.fr/img/p/4/0/8/408.jpg;Puzzle Squelette de Poisson.;MMB018;Biologie;6,03;8,99;10;0;
402;https://materiel-montessori.fr/img/p/4/0/7/407.jpg;Puzzle Squelette de La Tortue.;MMB016;Biologie;6,03;8,99;10;0;
401;https://materiel-montessori.fr/img/p/4/0/6/406.jpg;Puzzle Squelette d'Oiseau.;MMB015;Biologie;6,03;8,99;10;0;
400;https://materiel-montessori.fr/img/p/4/0/5/405.jpg;Puzzle de La Mouche.;MMB023;Biologie;6,03;8,99;10;0;
399;https://materiel-montessori.fr/img/p/4/0/4/404.jpg;Puzzle du Manchot.;MMB025;Biologie;6,03;8,99;10;0;
398;https://materiel-montessori.fr/img/p/4/0/3/403.jpg;Puzzle Coccinelle.;MMB024;Biologie;6,03;8,99;10;0;
397;https://materiel-montessori.fr/img/p/4/0/2/402.jpg;Puzzle du Criquet.;MMB019;Biologie;6,03;8,99;10;0;
396;https://materiel-montessori.fr/img/p/4/0/1/401.jpg;Puzzle du Coq.;MMB026;Biologie;6,03;8,99;10;0;
395;https://materiel-montessori.fr/img/p/4/0/0/400.jpg;Puzzle du Papillon.;MMB021;Biologie;6,03;8,99;10;0;
394;https://materiel-montessori.fr/img/p/3/9/9/399.jpg;Puzzle de La Libélulle.;MMB022;Biologie;6,03;8,99;10;0;
393;https://materiel-montessori.fr/img/p/3/9/8/398.jpg;Puzzle de La Guêpe.;MMB020;Accueil;6,03;8,99;10;0;
392;https://materiel-montessori.fr/img/p/3/9/7/397.jpg;Puzzle du Cheval.;MMB011;Biologie;6,03;8,99;10;0;
391;https://materiel-montessori.fr/img/p/3/9/6/396.jpg;Puzzle du Poisson.;MMB013;Biologie;6,03;8,99;10;0;
390;https://materiel-montessori.fr/img/p/3/9/5/395.jpg;Puzzle de La Grenouille.;MMB009;Biologie;6,03;8,99;10;0;
389;https://materiel-montessori.fr/img/p/3/9/4/394.jpg;Puzzle de La Tortue.;MMB012;Biologie;6,03;8,99;10;0;
388;https://materiel-montessori.fr/img/p/3/9/3/393.jpg;Puzzle d'Oiseau.;MMB010;Biologie;6,03;8,99;10;0;
387;https://materiel-montessori.fr/img/p/3/9/2/392.jpg;Cabinet de Zoologie avec 5 Puzzles.;MMB008;Biologie;38,3;49,89;10;0;
384;https://materiel-montessori.fr/img/p/3/9/1/391.jpg;Cabinet pour 5 Puzzles.;MMB008-1;Biologie;24,89;29,8704;10;0;
383;https://materiel-montessori.fr/img/p/3/9/0/390.jpg;Cabinet pour 3 Puzzles.;MMB037;Biologie;20,48;24,5784;10;0;
382;https://materiel-montessori.fr/img/p/3/8/9/389.jpg;Puzzle de l’Escargot.;MMB300;Biologie;6,03;8,99;10;0;
381;https://materiel-montessori.fr/img/p/3/8/8/388.jpg;Puzzle du Garçon.;MMB310;Biologie;6,03;8,99;10;0;
380;https://materiel-montessori.fr/img/p/3/8/7/387.jpg;Puzzle de la Racine.;MMB320;Biologie;6,03;8,99;10;0;
379;https://materiel-montessori.fr/img/p/3/8/6/386.jpg;Ensemble de Cartes pour Cabinet Botanique.;MMS036;Biologie;19,73;24,99;10;0;
378;https://materiel-montessori.fr/img/p/3/8/5/385.jpg;Puzzle de la Graine.;MMB003;Biologie;6,03;8,99;10;0;
376;https://materiel-montessori.fr/img/p/3/8/4/384.jpg;Feuilles de Contrôle de L'arbre.;MMB007-3;Biologie;11,76;#VALEUR!;10;0;
375;https://materiel-montessori.fr/img/p/3/8/3/383.jpg;Puzzle de l'Arbre.;MMB007;Biologie;6,03;8,99;10;0;
374;https://materiel-montessori.fr/img/p/3/8/2/382.jpg;Feuilles de Contrôle de la Feuille.;MMB006-3;Biologie;11,76;#VALEUR!;10;0;
373;https://materiel-montessori.fr/img/p/3/8/1/381.jpg;Puzzle de la Feuille.;MMB006;Biologie;6,03;8,99;10;0;
372;https://materiel-montessori.fr/img/p/3/8/0/380.jpg;Feuilles de Contrôle de la Fleur.;MMB005-3;Biologie;11,76;#VALEUR!;10;0;
371;https://materiel-montessori.fr/img/p/3/7/9/379.jpg;Puzzle de la Fleur.;MMB005;Biologie;6,03;8,99;10;0;
369;https://materiel-montessori.fr/img/p/3/7/8/378.jpg;Cabinet de Botanique avec 3 Puzzles (arbre, fleur, feuille).;MMB004;Biologie;31,71;39,9;10;0;
368;https://materiel-montessori.fr/img/p/3/7/7/377.jpg;Cartes à Feuilles pour Cabinet de Botanique.;MMB027;Biologie;10,57;16,99;10;0;
366;https://materiel-montessori.fr/img/p/3/7/6/376.jpg;Cabinet de Botanique.;MMB001;Biologie;91,98;99,99;10;0;
364;https://materiel-montessori.fr/img/p/3/6/7/367.jpg;Kit de Géométrie.;MM/M074;Mathématique;51,18;54,99;10;0;
363;https://materiel-montessori.fr/img/p/3/6/6/366.jpg;Support en Liège pour le Kit de Géométrie.;MMC318;Mathématique;12,46;19,9;10;0;
362;https://materiel-montessori.fr/img/p/3/6/5/365.jpg;Kit de la Division.;MMS042;Mathématique;72,17;99,9;10;0;
361;https://materiel-montessori.fr/img/p/3/6/4/364.jpg;Kit du Matériel des Puissances Cubes.;MM/M0100;Mathématique;140;325;10;0;
360;https://materiel-montessori.fr/img/p/3/6/3/363.jpg;Support pour 6 Cadres Habillages.;MMP013-1;Vie pratique ;27,72;33,264;10;0;
359;https://materiel-montessori.fr/img/p/3/6/2/362.jpg;12 Cadres Habillages avec Support.;MMP014;Vie pratique ;154,7;179,99;10;0;
358;https://materiel-montessori.fr/img/p/3/6/1/361.jpg;Cadre Habillage Velcro.;MMP012;Vie pratique ;10,86;11,9;10;0;
357;https://materiel-montessori.fr/img/p/3/6/0/360.jpg;Cadre Habillage à Petits Crochets.;MMP011;Vie pratique ;10,86;11,9;10;0;
356;https://materiel-montessori.fr/img/p/3/5/9/359.jpg;Cadre Habillage à Pressions.;MMP010;Vie pratique ;10,86;11,9;10;0;
355;https://materiel-montessori.fr/img/p/3/5/8/358.jpg;Cadre Habillage à Fermeture Éclair.;MMP009;Vie pratique ;10,86;11,9;10;0;
354;https://materiel-montessori.fr/img/p/3/5/7/357.jpg;Cadre Habillage Boucle de Ceinture.;MMP008;Vie pratique ;10,86;11,9;10;0;
353;https://materiel-montessori.fr/img/p/3/5/6/356.jpg;Cadre Habillage à Clips.;MMP007;Vie pratique ;10,86;11,9;10;0;
352;https://materiel-montessori.fr/img/p/3/5/5/355.jpg;Cadre Habillage Épingles à Nourrices.;MMP006;Vie pratique ;10,86;11,9;10;0;
351;https://materiel-montessori.fr/img/p/3/5/4/354.jpg;Cadre Habillage Lacet de Chaussure.;MMP005;Vie pratique ;10,86;11,9;10;0;
350;https://materiel-montessori.fr/img/p/3/5/3/353.jpg;Cadre Habillage Gros Boutons.;MMP004;Vie pratique ;10,86;11,9;10;0;
349;https://materiel-montessori.fr/img/p/3/5/2/352.jpg;Cadre Habillage Ruban.;MMP003;Vie pratique ;10,86;11,9;10;0;
348;https://materiel-montessori.fr/img/p/3/5/1/351.jpg;Cadre Habillage Petits Boutons.;MMP002;Vie pratique ;10,86;11,9;10;0;
347;https://materiel-montessori.fr/img/p/3/5/0/350.jpg;Cadre Habillage Lacets.;MMP001;Vie pratique ;10,86;11,9;10;0;
345;https://materiel-montessori.fr/img/p/3/4/7/347.jpg;Grand Panneau Algébrique de la Racine Carré.;MMC460;Mathématique;50,09;59,9;10;0;
344;https://materiel-montessori.fr/img/p/3/4/6/346.jpg;Petit Panneau pour Racine Carrée.;MMC117;Mathématique;16,52;21,99;10;0;
343;https://materiel-montessori.fr/img/p/3/4/5/345.jpg;Horloge à Aiguilles Mobiles.;MMS025;Mathématique;38,5;43,99;10;0;
342;https://materiel-montessori.fr/img/p/3/4/3/343.jpg;Damier de la Multiplication Décimale.;MM/M012;Mathématique;35,24;39,9;10;0;
341;https://materiel-montessori.fr/img/p/3/4/4/344.jpg;Damier de la Multiplication.;MM/M013;Mathématique;35,24;39,9;10;0;
340;https://materiel-montessori.fr/img/p/3/4/1/341.jpg;Les Timbres pour Fractions Décimales.;MM/M015-1;Mathématique;21,22;29,99;10;0;
339;https://materiel-montessori.fr/img/p/3/4/0/340.jpg;Les Timbres.;MM/M058;Mathématique;20,71;24,8472;10;0;
338;https://materiel-montessori.fr/img/p/3/3/9/339.jpg;Boîte des Chiffres pour le Damier.;MM/M013-1;Mathématique;15,4;21,99;10;0;
337;https://materiel-montessori.fr/img/p/3/3/8/338.jpg;Kit de Numérotation Complet en Bois.;MMC251;Mathématique;11,76;#VALEUR!;10;0;
336;https://materiel-montessori.fr/img/p/3/3/7/337.jpg;Kit de Numérotation en Bois.;MMC250-1;Mathématique;29,05;39,9;10;0;
335;https://materiel-montessori.fr/img/p/3/3/6/336.jpg;Kit de Numérotation de Couleur en Bois.;MMC250;Mathématique;29,05;41,99;10;0;
334;https://materiel-montessori.fr/img/p/3/3/5/335.jpg;Boîte des Perles pour le Damier de la Multiplication.;MM/M085;Mathématique;24,65;34,9;10;0;
333;https://materiel-montessori.fr/img/p/3/3/4/334.jpg;Boîte des chaînes et des carrés de 1 à 10.;MM/M098;Mathématique;45,28;49,99;10;0;
332;https://materiel-montessori.fr/img/p/3/3/3/333.jpg;Chaînes de perles de 100 et de 1000 avec Boîte.;MM/M035;Mathématique;31,65;38,99;10;0;
330;https://materiel-montessori.fr/img/p/3/3/2/332.jpg;Boîte de Perles pour Table de Seguin n°2.;MM/M032;Mathématique;7;9,99;10;0;
329;https://materiel-montessori.fr/img/p/3/3/0/330.jpg;Boîte de Perles pour Table de Seguin n°1.;MM/M031;Mathématique;7;11,99;10;0;
328;https://materiel-montessori.fr/img/p/3/2/8/328.jpg;Support Mural pour Perles.;MM/M038-1;Mathématique;8,39;19,9;10;0;
327;https://materiel-montessori.fr/img/p/3/2/7/327.jpg;Chaîne de 1000 Perles Dorées.;MM/M037;Mathématique;19,6;24,99;10;0;
326;https://materiel-montessori.fr/img/p/3/2/2/322.jpg;9 Plaques de 100 Perles Dorées.;MM/M094;Mathématique;19,57;22,99;10;0;
325;https://materiel-montessori.fr/img/p/3/2/1/321.jpg;Chaîne de 100 Perles Dorées.;MM/M090;Mathématique;2,94;4,99;10;0;
324;https://materiel-montessori.fr/img/p/3/2/4/324.jpg;45 Barrettes de Dix en Perles Dorées.;MM/M036;Mathématique;10,08;14,99;10;0;
323;https://materiel-montessori.fr/img/p/3/1/9/319.jpg;45 Unités de Perles Dorées.;MM/M091;Mathématique;1,16;3,99;10;0;
322;https://materiel-montessori.fr/img/p/3/1/8/318.jpg;9 Perles Dorées avec Support en Bois.;MM/M089;Mathématique;0,98;2,5;10;0;
321;https://materiel-montessori.fr/img/p/3/1/7/317.jpg;10 Barrettes de 10 Perles Dorées.;MM/M092;Mathématique;2,38;4,99;10;0;
320;https://materiel-montessori.fr/img/p/3/1/6/316.jpg;Chaînes de Perles Colorées.;MM/M095;Mathématique;12,87;15,99;10;0;
319;https://materiel-montessori.fr/img/p/3/1/5/315.jpg;Perles Noires et Blanches.;MM/M103;Mathématique;2,24;3,99;10;0;
318;https://materiel-montessori.fr/img/p/3/1/4/314.jpg;Plateau avec Boîtes du Système Décimal N°2.;MM/M033;Mathématique;40,88;49,056;10;0;
317;https://materiel-montessori.fr/img/p/3/1/3/313.jpg;Plateau du Système Décimal N°1.;MM/M034;Mathématique;30,8;36,96;10;0;
316;https://materiel-montessori.fr/img/p/3/1/2/312.jpg;Boîte des Barrettes de Perles Colorées  de 1 à 10.;MM/M024;Mathématique;84;89,99;10;0;
315;https://materiel-montessori.fr/img/p/3/1/1/311.jpg;Boîte de Rangement Perles de 100.;MM/M0250-1;Mathématique;2,35;5,99;10;0;
314;https://materiel-montessori.fr/img/p/3/1/0/310.jpg;Escalier de perles colorées de 1 à 9 avec Support.;MM/M028;Mathématique;6,03;9,9;10;0;
313;https://materiel-montessori.fr/img/p/3/0/9/309.jpg;Escalier de Perles Colorées de 1 à 10 avec Support.;MM/M027;Mathématique;6,03;9,9;10;0;
312;https://materiel-montessori.fr/img/p/3/0/8/308.jpg;Escalier de perles colorées de 1 à 9.;MM/M026;Mathématique;2,58;3,99;10;0;
311;https://materiel-montessori.fr/img/p/3/0/7/307.jpg;Pyramide des Plaques de Perles de 1 à 10.;MM/M025;Mathématique;10,78;12,936;10;0;
310;https://materiel-montessori.fr/img/p/3/0/6/306.jpg;Cubes de Perles Colorées.;MM/M096;Mathématique;78,4;79,99;10;0;
309;https://materiel-montessori.fr/img/p/3/0/5/305.jpg;Serpent Positif et Négatif.;MM/M022;Mathématique;34,86;35,99;10;0;
308;https://materiel-montessori.fr/img/p/3/0/4/304.jpg;Flèches pour le Kit des Perles Complet.;MMC210-3;Mathématique;26,32;39,9;10;0;
306;https://materiel-montessori.fr/img/p/3/0/3/303.jpg;Kit des Perles Colorées Complet.;MM/M021-3;Mathématique;279,41;285;10;0;
305;https://materiel-montessori.fr/img/p/3/0/2/302.jpg;Meuble Seul pour Kit des Perles Complet.;MM/M021-1;Mathématique;11,76;#VALEUR!;10;0;
304;https://materiel-montessori.fr/img/p/3/0/1/301.jpg;Kit Complet des Perles avec son Meuble.;MM/M021;Mathématique;372,4;399,99;10;0;
303;https://materiel-montessori.fr/img/p/3/0/0/300.jpg;TAPIS DE TRAVAIL DES VALEURS.;MML019;Mathématique;12,32;21,99;10;0;
302;https://materiel-montessori.fr/img/p/2/9/8/298.jpg;Rangement en Bois pour Cubes de 1000.;MM/M088-1;Mathématique;9,77;11,7264;10;0;
301;https://materiel-montessori.fr/img/p/2/9/9/299.jpg;Rangement en Bois  pour Plaques de 100.;MM/M093-1;Mathématique;9,77;11,7264;10;0;
300;https://materiel-montessori.fr/img/p/2/9/5/295.jpg;Cartes de Nomenclature pour les Quilles des Fractions.;MM/M065-1;Mathématique;3,36;6,99;10;0;
299;https://materiel-montessori.fr/img/p/2/9/4/294.jpg;Grandes Quilles des fractions avec Support.;MM/M065;Mathématique;27,99;33,5832;10;0;
298;https://materiel-montessori.fr/img/p/2/9/3/293.jpg;Formes Inscrites et Concentriques Métallique (Cercles et Carrés).;MML024;Mathématique;55,99;59,99;10;0;
297;https://materiel-montessori.fr/img/p/2/9/2/292.jpg;Sections Circulaires en Bois des Fractions de 11 à 20.;MMC217-1;Mathématique;35,21;43,25;10;0;
296;https://materiel-montessori.fr/img/p/2/9/1/291.jpg;Sections Circulaires en Bois des Fractions de 1 à 10.;MMC217;Mathématique;27,86;36,23;10;0;
295;https://materiel-montessori.fr/img/p/2/8/8/288.jpg;Cercles des Fractions Métalliques avec Supports.;MML013;Mathématique;78,4;95,9;10;0;
294;https://materiel-montessori.fr/img/p/2/8/7/287.jpg;Triangles Métalliques.;MML015;Mathématique;27,03;32,4408;10;0;
293;https://materiel-montessori.fr/img/p/2/8/6/286.jpg;Boîte de 1000 cubes.;MM/M0275;Mathématique;18,05;29,9;0;1;
292;https://materiel-montessori.fr/img/p/2/8/5/285.jpg;Cube Trinomial Arithmétique.;MM/M129;Mathématique;29,4;35,28;10;0;
291;https://materiel-montessori.fr/img/p/2/8/4/284.jpg;Les Cadres pour la Racine Carré(√x).;MMC450;Mathématique;11,93;15,9;10;0;
290;https://materiel-montessori.fr/img/p/2/8/2/282.jpg;Cube de la Puissance Cube (x^3).;MM/M056;Mathématique;40,59;49,9;10;0;
289;https://materiel-montessori.fr/img/p/2/8/1/281.jpg;Cube de la Puissance Carré(X²).;MM/M055;Mathématique;20,97;29,9;10;0;
287;https://materiel-montessori.fr/img/p/2/7/8/278.jpg;Tableau et Boîte des Nombres Décimaux.;MM/M136;Mathématique;29,4;39,99;10;0;
285;https://materiel-montessori.fr/img/p/2/7/7/277.jpg;Plateau de la Banque (Kit du Système Décimal).;MM/M102;Mathématique;55,72;59,99;10;0;
284;https://materiel-montessori.fr/img/p/2/7/6/276.jpg;9 Cubes des Milliers en Bois.;MM/M016;Mathématique;21;25,2;10;0;
283;https://materiel-montessori.fr/img/p/2/7/5/275.jpg;45 Plaques de Centaines en Bois.;MM/M017;Mathématique;22,4;26,88;10;0;
282;https://materiel-montessori.fr/img/p/2/7/4/274.jpg;Grand Boulier.;MM/M018;Mathématique;19,32;23,184;10;0;
281;https://materiel-montessori.fr/img/p/2/7/3/273.jpg;Petit Boulier.;MM/M019;Mathématique;16,8;21,18;10;0;
280;https://materiel-montessori.fr/img/p/2/7/2/272.jpg;Boulier Doré.;MM/M0130;Mathématique;21,59;25,9056;10;0;
278;https://materiel-montessori.fr/img/p/2/7/1/271.jpg;Tables de Mémorisation de la Division.;MM/M0102;Mathématique;41,72;55,99;10;0;
277;https://materiel-montessori.fr/img/p/2/7/0/270.jpg;Boîte des Divisions.;MM/M048;Mathématique;22,12;29,99;10;0;
276;https://materiel-montessori.fr/img/p/2/6/9/269.jpg;Feuilles de Contrôle des Divisions.;MMC114-1;Mathématique;2,1;3,99;10;0;
275;https://materiel-montessori.fr/img/p/2/6/8/268.jpg;Table des Divisions avec Perles.;MM/M009;Mathématique;13,85;19,9;10;0;
274;https://materiel-montessori.fr/img/p/2/6/7/267.jpg;Tables de Mémorisation de la Multiplication.;MM/M0101;Mathématique;41,72;55,99;10;0;
273;https://materiel-montessori.fr/img/p/2/6/6/266.jpg;Boîte des Multiplications.;MM/M047;Mathématique;22,12;29,99;10;0;
272;https://materiel-montessori.fr/img/p/2/6/5/265.jpg;Feuilles de Contrôle des Multiplications.;MMC113-1;Mathématique;3,99;6,2;10;0;
271;https://materiel-montessori.fr/img/p/2/6/4/264.jpg;Table des Multiplications avec Perles.;MM/M008;Mathématique;13,85;19,9;10;0;
270;https://materiel-montessori.fr/img/p/2/6/3/263.jpg;Tables de Mémorisation de la Soustraction.;MM/M100;Mathématique;41,72;55,99;10;0;
269;https://materiel-montessori.fr/img/p/2/6/2/262.jpg;Table de Contrôle des Soustractions.;MM/M084;Mathématique;7,38;9,9;10;0;
268;https://materiel-montessori.fr/img/p/2/6/1/261.jpg;Boîte des Soustractions.;MM/M046;Mathématique;22,12;29,99;10;0;
267;https://materiel-montessori.fr/img/p/2/6/0/260.jpg;Feuilles de Contrôle des Soustractions.;MMC104-1;Mathématique;3,99;6,2;10;0;
266;https://materiel-montessori.fr/img/p/2/5/9/259.jpg;Tableau de la Soustraction avec ses Réglettes.;MM/M007;Mathématique;15,12;22,9;10;0;
264;https://materiel-montessori.fr/img/p/2/5/8/258.jpg;Tables de Mémorisation de l’Addition.;MM/M0103;Mathématique;41,72;55,9;10;0;
263;https://materiel-montessori.fr/img/p/2/5/7/257.jpg;Table de Contrôle des Additions.;MM/M083;Mathématique;7,38;9,9;10;0;
262;https://materiel-montessori.fr/img/p/2/5/6/256.jpg;Boîte des Additions.;MM/M045;Mathématique;22,12;29,99;10;0;
260;https://materiel-montessori.fr/img/p/2/5/5/255.jpg;Feuilles de Contrôle des Additions.;MM/C103-1;Mathématique;3,99;6,2;10;0;
259;https://materiel-montessori.fr/img/p/2/5/4/254.jpg;Tableau de l’Addition avec ses Réglettes.;MM/M006;Mathématique;15,12;22,9;10;0;
258;https://materiel-montessori.fr/img/p/2/5/2/252.jpg;Table de Pythagore avec Carte de Contrôle.;MM/M011;Mathématique;19,6;23,52;10;0;
257;https://materiel-montessori.fr/img/p/2/5/0/250.jpg;Table des Centaines avec Carte de Contrôle.;MM/M010;Mathématique;19,6;23,52;10;0;
256;https://materiel-montessori.fr/img/p/2/4/7/247.jpg;Tableau de Géométrie.;MM/M097;Mathématique;19,6;23,52;10;0;
254;https://materiel-montessori.fr/img/p/2/4/5/245.jpg;Petites Cartes en Bois des Nombres de 1 à 9000.;MM/M059;Mathématique;19,6;22,52;10;0;
253;https://materiel-montessori.fr/img/p/2/4/4/244.jpg;Grandes Cartes en Bois des Nombres de 1 à 9000.;MM/M060;Mathématique;19,6;23,52;10;0;
252;https://materiel-montessori.fr/img/p/2/4/3/243.jpg;Jeu de la Banque.;MM/M073;Mathématique;19,6;23,52;10;0;
251;https://materiel-montessori.fr/img/p/3/7/5/375.jpg;Bandes Fractionnées colorées.;MMO040;Mathématique;10,08;19,9;10;0;
250;https://materiel-montessori.fr/img/p/2/4/2/242.jpg;Les Chiffres Rugueux en Graphie Française.;MML021;Mathématique;13,58;18,9;10;0;
249;https://materiel-montessori.fr/img/p/2/4/1/241.jpg;Barres des Fractions.;MMO012;Mathématique;39,2;43,99;10;0;
248;https://materiel-montessori.fr/img/p/2/4/0/240.jpg;Puzzle des Nombres 1-10.;MM/M077;Mathématique;17,64;21,168;10;0;
247;https://materiel-montessori.fr/img/p/2/3/9/239.jpg;Boîte des Jetons.;MM/M078;Mathématique;11,47;17,9;10;0;
246;https://materiel-montessori.fr/img/p/2/3/8/238.jpg;Petites Barres Numériques Rouges et Bleues.;MM/M064;Mathématique;23,8;28,56;10;0;
245;https://materiel-montessori.fr/img/p/2/3/6/236.jpg;Barres Numériques Rouges et Bleues.;MM/M063;Mathématique;34,55;43,99;10;0;
244;https://materiel-montessori.fr/img/p/2/3/5/235.jpg;Boîtes des Fuseaux en Bois.;MM/M002;Mathématique;21,56;29,9;10;0;
243;https://materiel-montessori.fr/img/p/2/3/3/233.jpg;Tables de Seguin en Bois n° 1 et n° 2.;MM/M061;Mathématique;30,79;41,9;10;0;
242;https://materiel-montessori.fr/img/p/2/3/2/232.jpg;Présentoir pour Perles de 1 à 9.;MMC207;Mathématique;13,99;21,99;10;0;
240;https://materiel-montessori.fr/img/p/2/3/1/231.jpg;Présentoir pour Perles de 11 à 19.;MMC208;Mathématique;16,79;23,99;10;0;
237;https://materiel-montessori.fr/img/p/2/3/0/230.jpg;Cabinet pour les Cartes de Géométrie et Botanique.;MMB029;Sensoriel;13,83;18,99;10;0;
236;https://materiel-montessori.fr/img/p/2/2/9/229.jpg;Visser et Dévisser avec Clé Allen n°5.;MMP067;Vie pratique ;8,82;11,58;10;0;
235;https://materiel-montessori.fr/img/p/2/2/8/228.jpg;Visser et Dévisser avec Tournevis n°4.;MMP066;Vie pratique ;8,82;11,58;10;0;
234;https://materiel-montessori.fr/img/p/2/2/7/227.jpg;Visser et Dévisser n°3.;MMS021;Vie pratique ;19,6;23,52;10;0;
233;https://materiel-montessori.fr/img/p/2/2/6/226.jpg;Visser et Dévisser des Boulons n°2.;MMS030-1;Vie pratique ;19,6;23,52;10;0;
231;https://materiel-montessori.fr/img/p/2/2/4/224.jpg;Visser et Dévisser des Boulons n°1.;MMS030;Vie pratique ;18,2;22,52;10;0;
230;https://materiel-montessori.fr/img/p/2/2/3/223.jpg;Boîte des Triangles Constructeurs Bleus.;MMS031;Mathématique;12,6;19,9;10;0;
229;https://materiel-montessori.fr/img/p/2/2/2/222.jpg;Boîte des Bases Géométriques.;MM/M015;Mathématique;9,8;11,99;10;0;
228;https://materiel-montessori.fr/img/p/2/2/0/220.jpg;Cartes des formes géométriques pour Cabinet.;MMS013-1;Sensoriel;15,68;21,99;10;0;
227;https://materiel-montessori.fr/img/p/2/2/1/221.jpg;Cartes de Nomenclature Géométrique.;MMA106;Mathématique;5,59;6,99;10;0;
225;https://materiel-montessori.fr/img/p/2/1/9/219.jpg;Cartes pour Plateau de Présentation.;MMS012-2;Mathématique;1,61;3,99;10;0;
223;https://materiel-montessori.fr/img/p/2/1/8/218.jpg;Plateau de Présentation Géométrique.;MMS012-1;Sensoriel;22,39;28,99;10;0;
221;https://materiel-montessori.fr/img/p/3/7/2/372.jpg;Sac à Mystère : Objets Familiers.;MMS008-1;Sensoriel;6,62;8,9;10;0;
219;https://materiel-montessori.fr/img/p/2/1/7/217.jpg;Sac Mystère : Formes Géométriques.;MMS015;Sensoriel;10,5;17,99;10;0;
217;https://materiel-montessori.fr/img/p/2/1/5/215.jpg;Boîte des Dégradés de Couleurs.;MMS022;Sensoriel;47,59;54,9;10;0;
216;https://materiel-montessori.fr/img/p/2/1/4/214.jpg;Bouteilles de Dégustation n°1.;MMA121;Sensoriel;19,6;23,52;10;0;
215;https://materiel-montessori.fr/img/p/2/1/3/213.jpg;Bouteilles de Dégustation n°2.;MMS018;Sensoriel;19,6;23,52;10;0;
214;https://materiel-montessori.fr/img/p/2/1/2/212.jpg;Cylindres des Pressions.;MMS017;Sensoriel;19,6;23,52;10;0;
213;https://materiel-montessori.fr/img/p/2/1/1/211.jpg;Les 2 Sabliers.;MMP090;Mathématique;3,22;3,9;10;0;
211;https://materiel-montessori.fr/img/p/2/1/0/210.jpg;Les 10 Poids (106 Gr) n°3.;MMP089;Mathématique;11,06;13,272;10;0;
210;https://materiel-montessori.fr/img/p/3/7/4/374.jpg;Balance Avec Poids de 1 Kg.;MM/MAS03;Sensoriel;30,8;42,99;10;0;
209;https://materiel-montessori.fr/img/p/2/0/9/209.jpg;Les Poids (1000 Gr) n°2.;MM/MAS02;Vie pratique ;24,5;32,99;10;0;
208;https://materiel-montessori.fr/img/p/2/0/8/208.jpg;Les Poids (500 Gr) n°1.;MM/MAS01;Sensoriel;20,72;24,99;10;0;
207;https://materiel-montessori.fr/img/p/2/0/7/207.jpg;Les Boîtes à Serrures en Bois n°2.;MMP017/M66-1;Sensoriel;55,99;67,1832;10;0;
205;https://materiel-montessori.fr/img/p/2/0/6/206.jpg;Boîte des Serrures en Bois n°1.;MM/M066;Sensoriel;44,52;56,9;10;0;
203;https://materiel-montessori.fr/img/p/3/7/1/371.jpg;Jeu de Motricité.;MMW008;Sensoriel;11,19;13,4232;10;0;
202;https://materiel-montessori.fr/img/p/2/0/5/205.jpg;Planche Verticale à Serrures en Bois n°2.;MMP092;Sensoriel;55,99;75,99;10;0;
201;https://materiel-montessori.fr/img/p/2/0/4/204.jpg;Planche à Serrures en Bois n°1.;MMA240;Sensoriel;23,52;29,9;10;0;
200;https://materiel-montessori.fr/img/p/2/0/3/203.jpg;Clochettes n°3.;MMS014-3;Sensoriel;5,59;7,9;10;0;
199;https://materiel-montessori.fr/img/p/2/0/2/202.jpg;Clochettes n°2.;MMS014-2;Sensoriel;5,6;6,9;10;0;
198;https://materiel-montessori.fr/img/p/3/7/3/373.jpg;Hochet en Bois n°1.;MMS014-1;Sensoriel;5,59;7,9;10;0;
197;https://materiel-montessori.fr/img/p/2/0/1/201.jpg;Les 16 clochettes Montessori.;MMA400;Sensoriel;133,56;199,9;10;0;
196;https://materiel-montessori.fr/img/p/1/9/9/199.jpg;Boîte de tissus n°2 (Blancs).;MMS029-1;Sensoriel;12,88;16,45;10;0;
195;https://materiel-montessori.fr/img/p/1/9/8/198.jpg;Boîte de tissus n°1.;MMS029;Sensoriel;14,28;17,45;10;0;
194;https://materiel-montessori.fr/img/p/1/9/7/197.jpg;Cylindres de Textures.;MMA210;Sensoriel;19,88;23,856;10;0;
193;https://materiel-montessori.fr/img/p/1/9/6/196.jpg;Boîte des Tablettes Thermiques.;MMS032;Sensoriel;14,46;20,9;10;0;
192;https://materiel-montessori.fr/img/p/1/9/5/195.jpg;Boîte des Bouteilles Thermiques.;MMA131;Sensoriel;23,66;29,9;10;0;
191;https://materiel-montessori.fr/img/p/1/9/4/194.jpg;Planches Rugueuses et Lisses avec Boîte.;MMS003;Sensoriel;18,03;21,9;10;0;
190;https://materiel-montessori.fr/img/p/1/9/3/193.jpg;Tablettes Rugueuses.;MMS020;Sensoriel;18,03;21,9;10;0;
189;https://materiel-montessori.fr/img/p/1/9/2/192.jpg;Le Plateau des Odeurs.;MMS016;Sensoriel;19,43;23,3184;10;0;
187;https://materiel-montessori.fr/img/p/1/9/1/191.jpg;Boîtes des Sons.;MMS014;Sensoriel;24,85;29,9;10;0;
185;https://materiel-montessori.fr/img/p/1/8/9/189.jpg;Les 5 Boîtes Triangles Constructeurs.;MML011;Mathématique;78,4;97,99;10;0;
184;https://materiel-montessori.fr/img/p/1/8/8/188.jpg;Socle pour Tour Rose.;MMS009;Sensoriel;11,76;#VALEUR!;10;0;
183;https://materiel-montessori.fr/img/p/1/8/7/187.jpg;Cube du Binôme.;MMM052;Mathématique;19,6;23,9;10;0;
182;https://materiel-montessori.fr/img/p/1/8/6/186.jpg;Cube du Trinôme.;MMM051;Mathématique;26,04;27,9;10;0;
181;https://materiel-montessori.fr/img/p/1/8/5/185.jpg;Planche d'Adresse en Bois.;MML020;Sensoriel;14,7;19,9;0;1;
180;https://materiel-montessori.fr/img/p/1/8/4/184.jpg;Boîtes gigognes en Bois.;MML041;Sensoriel;17,64;21,168;0;1;
179;https://materiel-montessori.fr/img/p/1/8/3/183.jpg;Volumes Fractionnés en Bois.;MM/M101;Mathématique;19,6;23,52;10;0;
178;https://materiel-montessori.fr/img/p/1/8/2/182.jpg;Toboggan De Voitures en Bois.;MMW005;Sensoriel;12,04;17,9;10;0;
177;https://materiel-montessori.fr/img/p/1/8/1/181.jpg;Deuxième Boîte de Couleurs en Bois.;MMS007;Sensoriel;12,46;17,99;10;0;
176;https://materiel-montessori.fr/img/p/1/8/0/180.jpg;Première Boîte de Couleurs en Bois.;MMS006;Sensoriel;6,02;9,99;10;0;
175;https://materiel-montessori.fr/img/p/1/7/9/179.jpg;Balance en Bois.;MMS024;Accueil;19,6;23,52;10;0;
174;https://materiel-montessori.fr/img/p/1/7/8/178.jpg;Tablettes Baryques avec Rangement.;MMS011;Sensoriel;18,54;22,2432;10;0;
173;https://materiel-montessori.fr/img/p/1/7/7/177.jpg;Support pour Triangles Jaunes.;MMC228;Mathématique;14;19,99;10;0;
171;https://materiel-montessori.fr/img/p/1/7/6/176.jpg;Triangles jaunes Des Surfaces.;MMC227;Mathématique;29,96;35,952;10;0;
170;https://materiel-montessori.fr/img/p/1/7/5/175.jpg;Les figures superposées Cercles, carrés et triangles en Bois.;MMC219;Sensoriel;32,9;42,99;10;0;
169;https://materiel-montessori.fr/img/p/1/7/4/174.jpg;Arche Romane en Bois.;MMS019;Accueil;30,38;41,99;10;0;
168;https://materiel-montessori.fr/img/p/1/7/2/172.jpg;Table de Pythagore Sensorielle Montessori.;MMC218;Mathématique;38,92;46,704;9;0;
167;https://materiel-montessori.fr/img/p/1/7/1/171.jpg;Petits Emboîtements Cylindriques en Bois.;MMM076-6;Sensoriel;16,8;21,9;10;0;
166;https://materiel-montessori.fr/img/p/1/7/0/170.jpg;Boîte des Solides Géométriques en Bois.;MMM014;Sensoriel;40,6;52,9;10;0;
165;https://materiel-montessori.fr/img/p/1/6/9/169.jpg;Support pour Les Barres Montessori.;MMM001;Sensoriel;21;29,99;10;0;
163;https://materiel-montessori.fr/img/p/1/6/6/166.jpg;Cabinet Géométrique avec 35 Formes.;MMS013;Accueil;98;110;10;0;
161;https://materiel-montessori.fr/img/p/1/6/5/165.jpg;Cartes de Contrôles Tour Rose.;MMA043;Sensoriel;11,76;#VALEUR!;10;0;
159;https://materiel-montessori.fr/img/p/1/6/4/164.jpg;Cartes de Contrôle Escalier Marron.;MMA063;Sensoriel;11,76;#VALEUR!;10;0;
158;https://materiel-montessori.fr/img/p/1/6/3/163.jpg;4 Blocs Emboîtements Cylindriques avec Son Support.;MMS001-2;Accueil;11,76;#VALEUR!;10;0;
156;https://materiel-montessori.fr/img/p/1/5/9/159.jpg;Support pour 4 Blocs à Emboîtement Cylindrique.;MMS001-1;Sensoriel;11,76;#VALEUR!;10;0;
153;https://materiel-montessori.fr/img/p/1/5/3/153.jpg;Escalier Marron.;MMS004;Accueil;11,76;#VALEUR!;10;0;
151;https://materiel-montessori.fr/img/p/1/5/2/152.jpg;Jeu du Détective de l'Adjectif.;MMA095;Langage;11,76;#VALEUR!;10;0;
148;https://materiel-montessori.fr/img/p/1/5/1/151.jpg;Boîte des Symboles Grammaticaux en Bois.;MMM057;Langage;11,76;#VALEUR!;10;0;
147;https://materiel-montessori.fr/img/p/1/5/0/150.jpg;Introduction des Solides Grammaticaux de noms et de verbes.;MMM062;Langage;11,76;#VALEUR!;0;1;
146;https://materiel-montessori.fr/img/p/1/4/9/149.jpg;Ardoises avec lignes doubles et carrés pour l'écriture.;MMC109;Langage;11,76;#VALEUR!;10;0;
145;https://materiel-montessori.fr/img/p/1/4/8/148.jpg;Kit Poinçons.;MMP065;Langage;11,76;#VALEUR!;0;1;
144;https://materiel-montessori.fr/img/p/1/4/6/146.jpg;Boite des Flèches de Fonction pour la Grammaire en Bois.;MML083;Langage;11,76;#VALEUR!;10;0;
142;https://materiel-montessori.fr/img/p/1/4/5/145.jpg;Plateau à Formes Géométriques.;MML080;Langage;11,76;#VALEUR!;10;0;
141;https://materiel-montessori.fr/img/p/1/4/4/144.jpg;Plateau de Préparation à l'écriture.;MML082;Langage;11,76;#VALEUR!;10;0;
140;https://materiel-montessori.fr/img/p/1/4/3/143.jpg;Plateau de Dextérité des Doigts.;MML081;Langage;11,76;#VALEUR!;10;0;
139;https://materiel-montessori.fr/img/p/3/7/0/370.jpg;Boîtes de Classement de Grammaire.;MMO010;Langage;11,76;#VALEUR!;10;0;
137;https://materiel-montessori.fr/img/p/3/6/9/369.jpg;Boîtes des Ordres pour la Grammaire.;MMO011;Langage;11,76;#VALEUR!;10;0;
136;https://materiel-montessori.fr/img/p/1/3/9/139.jpg;Boîtes de Grammaire en Bois.;MMLyfhz;Langage;11,76;#VALEUR!;0;1;
134;https://materiel-montessori.fr/img/p/1/4/0/140.jpg;Planches en Bois des Chiffres et des Lettres.;MMM050;Langage;11,76;#VALEUR!;10;0;
132;https://materiel-montessori.fr/img/p/1/3/8/138.jpg;Plateau de Sable Pour l'écriture.;MML190;Langage;11,76;#VALEUR!;10;0;
131;https://materiel-montessori.fr/img/p/3/6/8/368.jpg;Lettres Rugueuses Majuscules Cursives.;MML029;Langage;11,76;#VALEUR!;10;0;
129;https://materiel-montessori.fr/img/p/1/3/7/137.jpg;Lettres Majuscules et Minuscules( Bleu et Rouge).;MML028;Langage;11,76;#VALEUR!;10;0;
128;https://materiel-montessori.fr/img/p/1/3/4/134.jpg;Petit Alphabet Mobile Script.;MML022;Langage;11,76;#VALEUR!;10;0;
127;https://materiel-montessori.fr/img/p/1/3/3/133.jpg;Phonèmes Rugueux Cursive avec Boite.;MML014;Langage;11,76;#VALEUR!;10;0;
126;https://materiel-montessori.fr/img/p/1/3/2/132.jpg;Lettres Rugueuses minuscules en Script avec Boîte.;MML010-1;Langage;11,76;#VALEUR!;0;1;
125;https://materiel-montessori.fr/img/p/1/3/1/131.jpg;11 Pots en Bois colorés pour Crayons.;MML010;Langage;11,76;#VALEUR!;9;0;
124;https://materiel-montessori.fr/img/p/1/3/0/130.jpg;Plateau des Solides pour Symboles de Grammaire.;MML009;Langage;11,76;#VALEUR!;9;0;
123;https://materiel-montessori.fr/img/p/1/2/8/128.jpg;Formes à dessin métalliques avec Support en Bois;MML008;Langage;11,76;#VALEUR!;10;0;
122;https://materiel-montessori.fr/img/p/1/2/6/126.jpg;Plateau de Présentation des Formes à dessin.;MML007;Langage;11,76;#VALEUR!;10;0;
121;https://materiel-montessori.fr/img/p/1/2/5/125.jpg;Grand Alphabet Mobile Script.;MML006-1;Langage;11,76;#VALEUR!;10;0;
120;https://materiel-montessori.fr/img/p/1/2/4/124.jpg;Alphabet Mobile Cursif en Bois.;MML006;Langage;11,76;#VALEUR!;10;0;
119;https://materiel-montessori.fr/img/p/1/2/2/122.jpg;Carte de contrôle De L'Asie Non Renseignée.;MMGcor15;Géographie;11,76;#VALEUR!;10;0;
118;https://materiel-montessori.fr/img/p/1/2/0/120.jpg;Carte de contrôle De L'Australie Non Renseignée.;MMGcor14;Géographie;11,76;#VALEUR!;0;1;
117;https://materiel-montessori.fr/img/p/1/1/8/118.jpg;Carte de contrôle Du Canada Non Renseignée.;MMGcor13;Géographie;11,76;#VALEUR!;10;0;
116;https://materiel-montessori.fr/img/p/1/1/6/116.jpg;Carte de contrôle De L'Europe Non Renseignée.;MMGcor12;Géographie;11,76;#VALEUR!;10;0;
115;https://materiel-montessori.fr/img/p/1/1/4/114.jpg;Carte de contrôle Du Monde Non Renseignée.;MMGcor10;Géographie;11,76;#VALEUR!;10;0;
114;https://materiel-montessori.fr/img/p/1/1/2/112.jpg;Carte de contrôle de l’Afrique Non Renseignée.;MMGcor9;Géographie;11,76;#VALEUR!;10;0;
113;https://materiel-montessori.fr/img/p/1/1/0/110.jpg;Carte de contrôle de l’Amérique Du Sud Non Renseignée.;MMGcor8;Géographie;11,76;#VALEUR!;10;0;
112;https://materiel-montessori.fr/img/p/1/0/8/108.jpg;Carte de contrôle de l’Amérique du nord Non Renseignée.;MMGcor7;Géographie;11,76;#VALEUR!;10;0;
110;https://materiel-montessori.fr/img/p/1/0/5/105.jpg;Carte de contrôle des Etats Unis Non Renseignée.;MMGcor6;Géographie;11,76;#VALEUR!;10;0;
109;https://materiel-montessori.fr/img/p/4/7/0/470.jpg;Puzzle Carte de La France + Carte de Contrôle Non Renseignée.;MMG023-1;Géographie;11,76;#VALEUR!;10;0;
108;https://materiel-montessori.fr/img/p/4/6/7/467.jpg;Puzzle Carte de l'Asie + Carte de Contrôle Non Renseignée.;MMG015-1;Géographie;11,76;#VALEUR!;10;0;
107;https://materiel-montessori.fr/img/p/4/6/4/464.jpg;Puzzle Carte de l'Australie + Carte de Contrôle Non Renseignée.;MMG014-1;Géographie;11,76;#VALEUR!;10;0;
106;https://materiel-montessori.fr/img/p/4/6/3/463.jpg;Carte Puzzle du Canada + Carte de Contrôle Non Renseignée.;MMG013-1;Géographie;11,76;#VALEUR!;10;0;
105;https://materiel-montessori.fr/img/p/4/6/0/460.jpg;Puzzle Carte de l'Europe + Carte de Contrôle Non Renseignée.;MMG012-1;Géographie;11,76;#VALEUR!;10;0;
104;https://materiel-montessori.fr/img/p/4/5/6/456.jpg;Puzzle Carte du Monde + Carte de Contrôle Non Renseignée.;MMG010-1;Géographie;11,76;#VALEUR!;10;0;
103;https://materiel-montessori.fr/img/p/4/5/3/453.jpg;Puzzle Carte de l' Afrique + Carte de Contrôle Non Renseignée.;MMG009-1;Géographie;11,76;#VALEUR!;10;0;
102;https://materiel-montessori.fr/img/p/4/5/0/450.jpg;Puzzle Carte Amérique du Sud + Carte de Contrôle Non Renseignée.;MMG008-1;Géographie;11,76;#VALEUR!;10;0;
101;https://materiel-montessori.fr/img/p/4/5/7/457.jpg;Puzzle Carte d'Amérique du Nord + Carte de Contrôle Non Renseignée.;MMG007-1;Géographie;11,76;#VALEUR!;10;0;
100;https://materiel-montessori.fr/img/p/1/6/1/161.jpg;Porte-drapeaux d'Afrique.;MMG067D;Géographie;11,76;#VALEUR!;10;0;
99;https://materiel-montessori.fr/img/p/.jpg;Porte-drapeaux d'Asie.;MMG066D;Géographie;11,76;#VALEUR!;10;0;
98;https://materiel-montessori.fr/img/p/1/3/5/135.jpg;Porte-drapeaux d'Océanie.;MMG065D;Géographie;11,76;#VALEUR!;10;0;
97;https://materiel-montessori.fr/img/p/1/0/2/102.jpg;Porte-drapeaux d'Amérique du Nord.;MMG064D;Géographie;11,76;#VALEUR!;10;0;
96;https://materiel-montessori.fr/img/p/1/0/0/100.jpg;Porte-drapeaux d'Europe.;MMG063D;Géographie;11,76;#VALEUR!;10;0;
95;https://materiel-montessori.fr/img/p/9/8/98.jpg;Porte-drapeaux d'Amérique du Sud.;MMG062D;Géographie;11,76;#VALEUR!;10;0;
94;https://materiel-montessori.fr/img/p/8/0/80.jpg;Cartes de nomenclature des drapeaux de l'Afrique.;MMG067C;Géographie;11,76;#VALEUR!;10;0;
93;https://materiel-montessori.fr/img/p/7/9/79.jpg;Cartes de nomenclature des drapeaux de l'Asie.;MMG066C;Géographie;11,76;#VALEUR!;10;0;
92;https://materiel-montessori.fr/img/p/7/7/77.jpg;Cartes de nomenclature des drapeaux de l'Océanie.;MMG065C;Géographie;11,76;#VALEUR!;10;0;
91;https://materiel-montessori.fr/img/p/7/4/74.jpg;Cartes de nomenclature des drapeaux de l'Amérique du Nord.;MMG064C;Géographie;11,76;#VALEUR!;10;0;
89;https://materiel-montessori.fr/img/p/7/1/71.jpg;Cartes de nomenclature des drapeaux de l'Europe.;MMG063C;Géographie;11,76;#VALEUR!;10;0;
88;https://materiel-montessori.fr/img/p/7/5/75.jpg;Cartes de nomenclature des drapeaux de l'Amérique du Sud.;MMG062C;Géographie;11,76;#VALEUR!;10;0;
87;https://materiel-montessori.fr/img/p/6/7/67.jpg;Ensemble 1er et 2 ème plateaux + Cartes de contrôles TERRE et EAU.;MMG233;Géographie;11,76;#VALEUR!;9;0;
86;https://materiel-montessori.fr/img/p/6/6/66.jpg;Cartes de Contrôles pour Plateaux 1-2 Terre et Eau.;MMG232;Géographie;11,76;#VALEUR!;10;0;
85;https://materiel-montessori.fr/img/p/6/5/65.jpg;2ème ensemble Plateaux de Forme Terre et d'Eau.;MMG231;Géographie;11,76;#VALEUR!;10;0;
84;https://materiel-montessori.fr/img/p/6/4/64.jpg;1er ensemble Plateaux de Forme Terre et d'Eau.;MMG230;Géographie;11,76;#VALEUR!;10;0;
83;https://materiel-montessori.fr/img/p/6/3/63.jpg;Mini globe cartographie continents.;MMG019;Géographie;11,76;#VALEUR!;10;0;
82;https://materiel-montessori.fr/img/p/6/1/61.jpg;CARTE DE LA FRANCE PHYSIQUE EN 3D.;MMG018;Géographie;11,76;#VALEUR!;10;0;
80;https://materiel-montessori.fr/img/p/5/9/59.jpg;CARTE DE LA FRANCE ADMINISTRATIVE en 3D.;MMG017;Géographie;11,76;#VALEUR!;10;0;
79;https://materiel-montessori.fr/img/p/4/7/2/472.jpg;Puzzle Carte de La France.;MMG023;Géographie;11,76;#VALEUR!;10;0;
77;https://materiel-montessori.fr/img/p/5/7/57.jpg;Huit Cartes Puzzle avec Support.;MMG016;Géographie;11,76;#VALEUR!;10;0;
75;https://materiel-montessori.fr/img/p/5/6/56.jpg;Puzzle Carte de l'Asie.;MMG015;Géographie;11,76;#VALEUR!;10;0;
74;https://materiel-montessori.fr/img/p/5/5/55.jpg;Puzzle Carte de l'Australie.;MMG014;Géographie;11,76;#VALEUR!;0;1;
71;https://materiel-montessori.fr/img/p/5/4/54.jpg;Carte Puzzle du Canada.;MMG013;Géographie;11,76;#VALEUR!;0;1;
70;https://materiel-montessori.fr/img/p/5/1/51.jpg;Puzzle Carte de l'Europe;MMG012;Géographie;11,76;#VALEUR!;10;0;
69;https://materiel-montessori.fr/img/p/5/0/50.jpg;Cabinet Complet de Géographie de 8 Puzzle Carte.;MMG011;Géographie;11,76;#VALEUR!;10;0;
68;https://materiel-montessori.fr/img/p/5/3/53.jpg;Puzzle Carte du Monde.;MMG010;Géographie;11,76;#VALEUR!;10;0;
66;https://materiel-montessori.fr/img/p/4/8/48.jpg;Puzzle Carte de l' Afrique.;MMG009;Tables;11,76;#VALEUR!;10;0;
65;https://materiel-montessori.fr/img/p/4/7/47.jpg;Puzzle Carte Amérique du Sud;MMG008;Géographie;11,76;#VALEUR!;10;0;
64;https://materiel-montessori.fr/img/p/4/6/46.jpg;Puzzle Carte d'Amérique du Nord;MMG007;Géographie;11,76;#VALEUR!;10;0;
62;https://materiel-montessori.fr/img/p/4/4/44.jpg;Puzzle en Bois + Carte de Contrôle Non Renseignée des États-Unis;MMG006-1;Géographie;11,76;#VALEUR!;0;1;
61;https://materiel-montessori.fr/img/p/4/3/43.jpg;Puzzle Carte des Etats-Unis en Bois.;MMG006;Géographie;11,76;#VALEUR!;10;0;
60;https://materiel-montessori.fr/img/p/4/2/42.jpg;Carte Mondiale + Drapeaux à Placer;MMG005;Géographie;11,76;#VALEUR!;10;0;
59;https://materiel-montessori.fr/img/p/4/1/41.jpg;Système Solaire Mobile;MMG004;Géographie;11,76;#VALEUR!;10;0;
57;https://materiel-montessori.fr/img/p/4/0/40.jpg;Cartes de Forme Terrestre;MMG003;Géographie;11,76;#VALEUR!;10;0;
54;https://materiel-montessori.fr/img/p/3/9/39.jpg;Globe Terres et Mers Sensoriel;MMG001;Géographie;11,76;#VALEUR!;10;0;
53;https://materiel-montessori.fr/img/p/3/7/37.jpg;Carte du monde + carte auto correction.;;Accueil;11,76;#VALEUR!;10;0;
52;https://materiel-montessori.fr/img/p/3/6/36.jpg;Globe des Continents Sensoriel.;MMG002;Géographie;11,76;#VALEUR!;10;0;
51;https://materiel-montessori.fr/img/p/1/5/8/158.jpg;Cylindres de Couleur en Bois.;MMS002;Sensoriel;11,76;#VALEUR!;10;0;
50;https://materiel-montessori.fr/img/p/3/3/33.jpg;Lettres Rugueuses Cursives avec Rangement.;MML003;Langage;11,76;#VALEUR!;10;0;
45;https://materiel-montessori.fr/img/p/1/5/7/157.jpg;Troisième Boîte de Couleurs en Bois.;MMS008;Sensoriel;11,76;#VALEUR!;10;0;
44;https://materiel-montessori.fr/img/p/1/5/6/156.jpg;4 Blocs Emboîtements Cylindriques.;MMS001;Accueil;11,76;#VALEUR!;10;0;
43;https://materiel-montessori.fr/img/p/1/5/4/154.jpg;Tour Rose Montessori avec son Socle en Bois.;MMS010;Accueil;11,76;#VALEUR!;10;0;
42;https://materiel-montessori.fr/img/p/1/5/5/155.jpg;Barres Rouges Montessori.;MMS005;Sensoriel;11,76;#VALEUR!;10;0;
;;;;;11,76;0;;;
;;;;;11,76;0;;;
;;;;;;0;;;
;;;;;;0;;;
;;;;;;0;;;
;;;;;;0;;;
;;;;;;0;;;
